{
  "name": "Shadows Into Light",
  "designer": "Kimberly Geswein",
  "license": "OFL",
  "visibility": "External",
  "category": "Handwriting",
  "size": 28654,
  "fonts": [
    {
      "name": "Shadows Into Light",
      "style": "normal",
      "weight": 400,
      "filename": "ShadowsIntoLight.ttf",
      "postScriptName": "ShadowsIntoLight",
      "fullName": "Shadows Into Light",
      "copyright": "Copyright (c) 2010, Kimberly Geswein (kimberlygeswein.com kimberlygeswein@gmail.com)"
    }
  ],
  "subsets": [
    "latin",
    "menu"
  ],
  "dateAdded": "2011-06-08"
}
